Workbook

Sheet СР (материалы ТН)
E1: Приложение №1
E2: к договору №__.__-Д/В__ от __.__.2026 г.
A4: РАСЧЕТ СТОИМОСТИ РАБОТ
A6: Наименование работ | B6: Ед. изм. | C6: Кол-во | D6: Цена за ед. без НДС | E6: Сумма без НДС
A7: Демонтажные работы в осях 36-47/П-Э
A8: Демонтаж гидроизоляционного слоя | B8: м2 | C8: =(11*48*2)+(2*18*2) -> 1128 | D8: 80 | E8: =C8*D8 -> 90240
A9: Демонтаж теплоизоляционного слоя | B9: м2 | C9: =(11.2*48*2)+(1.2*18*2) -> 1118.4 | D9: 100 | E9: =C9*D9 -> 111840
A10: Демонтаж профилированного настила | B10: м2 | C10: =(9*48*2)+(0.86*18*2) -> 894.96 | D10: 180 | E10: =C10*D10 -> 161092.8
A11: Итого за работы: | E11: =SUM(E8:E10) -> 363172.8
A12: ИТОГО по Разделу: | E12: =E11 -> 363172.8
A13: Монтаж профилированного настила
A14: Работы:
A15: Монтаж профилированного настила Н-114 | B15: м2 | C15: =C10 -> 894.96 | D15: 140,00 ₽ | E15: =D15*C15 -> 125294.4
A16: Итого за работы: | E16: =E15 -> 125294.4
A17: ИТОГО по Разделу: | E17: =E16 -> 125294.4
A18: Устройство L-образного профиля в местах парапета и профилей усиления в ендове и на коньках, устройство профиля усиления деф. швов
A19: Работы:
A20: Устройство L-образного профиля и профилей усиления | B20: м/п | C20: =18+9+9 -> 36 | D20: 20,00 ₽ | E20: =D20*C20 -> 720
A21: Устройство профилей усиления (коньковые усиления, усиления ендов) | B21: м/п | C21: 0 | D21: 10,00 ₽ | E21: =D21*C21 -> 0
A22: Устройство профилей усиления деф. шва | B22: м/п | C22: 0 | D22: 10,00 ₽ | E22: =D22*C22 -> 0
A23: Итого за работы: | E23: =SUM(E20:E22) -> 720
A24: Материалы:
A25: L-образный профиль | B25: мп | C25: =C20 -> 36 | D25: 1300 | E25: =C25*D25 -> 46800
A26: Профиль усиления (коньковые усиления, усиления ендов) | B26: мп | C26: =C21 -> 0 | D26: 1300 | E26: =C26*D26 -> 0
A27: Профиль усиления деф. шва | B27: мп | C27: =C22 -> 0 | D27: 1300 | E27: =C27*D27 -> 0
A28: Саморез кровельный 4.8х29 сверлоконечный шайба EPDM | B28: шт | C28: =(C25+C26+C27)*2*5 -> 360 | D28: 5 | E28: =C28*D28 -> 1800
A29: Итого за материалы: | E29: =SUM(E25:E28) -> 48600
A30: ИТОГО по Разделу: | E30: =E23+E29 -> 49320
A31: Устройство шины молниезащиты/ заземления
A32: Работы:
A33: Монтаж шины молниезащиты (механическое крепление) | B33: м/п | C33: 0 | D33: 200,00 ₽ | E33: =C33*D33 -> 0
A34: Итого за работы: | E34: =E33 -> 0
A35: ИТОГО по Разделу: | E35: =E34 -> 0
A36: Устройство усиления мест воронок внутреннего водоотведения
A37: Работы:
A38: Устройство усиления мест воронок внутреннего водоотведения из оц. стали толщиной 0,5 мм размером 0,6*0,6 м | B38: шт | C38: 0 | D38: 100,00 ₽ | E38: =D38*C38 -> 0
A39: Итого за работы: | E39: =E38 -> 0
A40: Материалы:
A41: Оцинкованный лист, толщ. 0,7 мм, 600*600 мм | B41: шт | C41: =C38 -> 0 | D41: 1300 | E41: =D41*C41 -> 0
A42: Саморез кровельный 4.8х29 сверлоконечный шайба EPDM | B42: шт | C42: =C38*4 -> 0 | D42: =D28 -> 5 | E42: =D42*C42 -> 0
A43: Итого за материалы: | E43: =SUM(E41:E42) -> 0
A44: ИТОГО по Разделу: | E44: =E39+E43 -> 0
A45: Устройство заполнения гофр профлиста НГ утеплителем на длину 250 мм
A46: Работы:
A47: Устройство заполнения гофр профлиста НГ утеплителем на длину 250 мм | B47: м/п | C47: =C20 -> 36 | D47: 10,00 ₽ | E47: =D47*C47 -> 360
A48: Итого за работы: | E48: =E47 -> 360
A49: Материалы:
A50: Мин. плита Технолайт Экстра 1200х600х100мм | B50: м3 | C50: =C47*0.3*0.1*1.1 -> 1.188 | D50: 3700 | E50: =C50*D50 -> 4395.6
A51: Итого за материалы: | E51: =SUM(E50) -> 4395.6
A52: ИТОГО по Разделу: | E52: =E48+E51 -> 4755.6
A53: Устройство пароизоляционного слоя
A54: Работы:
A55: Устройство пароизоляционного слоя из пароизоляционной пленки | B55: м2 | C55: =C15 -> 894.96 | D55: 40,00 ₽ | E55: =D55*C55 -> 35798.4
A56: Итого за работы: | E56: =E55 -> 35798.4
A57: Материалы:
A58: Пароизоляционная пленка ТехноНИКОЛЬ | B58: м2 | C58: =C55*1.15 -> 1029.204 | D58: 19.9 | E58: =C58*D58 -> 20481.16
A59: Двусторонний скотч | B59: шт | C59: 12 | D59: 308 | E59: =C59*D59 -> 3696
A60: Итого за материалы: | E60: =E58+E59 -> 24177.16
A61: ИТОГО по Разделу: | E61: =E56+E60 -> 59975.56
A62: Устройство контруклона в ендовах из минераловатных теплоизоляционных плит 4,2 %
A63: Работы:
A64: Устройство контруклона из минераловатных теплоизоляционных плит 4,2 % | B64: м2 | C64: 0 | D64: 170,00 ₽ | E64: =D64*C64 -> 0
A65: Итого за работы: | E65: =E64 -> 0
A66: ИТОГО по Разделу: | E66: =E65 -> 0
A67: Устройство теплоизоляционного слоя из минераловатного утеплителя в два слоя с перехлестом швов
A68: Работы:
A69: Устройство теплоизоляционного слоя из минераловатного утеплителя в два слоя с перехлестом швов с мех. креплением | B69: м2 | C69: =C9 -> 1118.4 | D69: 165,00 ₽ | E69: =D69*C69 -> 184536
A70: Итого за работы: | E70: =E69 -> 184536
A71: Материалы:
A72: Теплоизоляционный материал ТЕХНОРУФ В ЭКСТРА 50 мм | B72: м3 | C72: =C69*1.03*0.05 -> 57.5976 | D72: 16112 | E72: =C72*D72 -> 928012.53 | G72: Если применять частично демонтированный утеплитель. То необходимо
A73: Телескопический крепеж TERMOCLIP 1, 20 мм | B73: шт | C73: =C69*5 -> 5592 | D73: 14 | E73: =C73*D73 -> 78288 | G73: =18*48*1.03*0.05+3 -> 47.496 | H73: м3
A74: Саморез сверлоконечный ТехноНИКОЛЬ 4,8х80 мм | B74: шт | C74: =C69*5 -> 5592 | D74: 13 | E74: =C74*D74 -> 72696
A75: Итого за материалы: | E75: =SUM(E72:E74) -> 1078996.5
A76: ИТОГО по Разделу: | E76: =E70+E75 -> 1263532.5
A77: Устройство гидроизоляционного покрытия из ПВХ-мембраны по плоскости с учетом ветровых зон
A78: Работы:
A79: Монтаж гидроизоляционного покрытия из ПВХ мембраны, с продольным нахлестом не менее 120 мм и поперечным - не менее 200 мм | B79: м2 | C79: =C8 -> 1128 | D79: 190,00 ₽ | E79: =C79*D79 -> 214320
A80: Итого за работы: | E80: =E79 -> 214320
A81: Материалы:
A82: ПВХ мембрана, толщиной 1,2 мм. | B82: м2 | C82: =C79*1.18 -> 1331.04 | D82: 931 | E82: =C82*D82 -> 1239198.2
A83: Телескопический крепеж TERMOCLIP 1, 20 мм | B83: шт | C83: =C79*5 -> 5640 | D83: 14 | E83: =C83*D83 -> 78960
A84: Саморез сверлоконечный ТехноНИКОЛЬ 4,8х80 мм | B84: шт | C84: =C83 -> 5640 | D84: =D74 -> 13 | E84: =C84*D84 -> 73320
A85: Очиститель для ПВХ мембраны, 3 л. | B85: шт | C85: 5 | D85: 5162 | E85: =C85*D85 -> 25810
A86: Итого за материалы: | E86: =SUM(E82:E85) -> 1417288.2
A87: ИТОГО по Разделу: | E87: =E80+E86 -> 1631608.2
A88: Устройство гидроизоляции примыканий к парапету из ПВХ-мембраны
A89: Работы:
A90: Устройство примыкания гидроизоляционного покрытия из ПВХ- мембраны к парапету | B90: м/п | C90: =9+18+9 -> 36 | D90: 375,00 ₽ | E90: =D90*C90 -> 13500
A91: Итого за работы: | E91: =E90 -> 13500
A92: Материалы:
A93: Армированная ПВХ мембрана Logicroof V-RP (или аналог) толщиной 1,2 мм | B93: м2 | C93: =C90*1.2*1.18 -> 50.976 | D93: =D82 -> 931 | E93: =C93*D93 -> 47458.656
A94: ПВХ Logicroof V-SR 1,5 мм мембрана серая 2 шт. 1x10 м | B94: м2 | C94: 7 | D94: 1350 | E94: =C94*D94 -> 9450
A95: Итого за материалы: | E95: =SUM(E93:E94) -> 56908.656
A96: ИТОГО по Разделу: | E96: =E91+E95 -> 70408.656
A97: Устройство прижимной и краевой алюминиевой планки
A98: Работы:
A99: Монтаж прижимной и краевой кровельной планки | B99: м/п | C99: =C90*2 -> 72 | D99: 40,00 ₽ | E99: =C99*D99 -> 2880
A100: Итого за работы: | E100: =E99 -> 2880
A101: Материалы:
A102: Прижимная кровельная планка алюминиевая 30*2000мм | B102: м/п | C102: =C90 -> 36 | D102: 116 | E102: =C102*D102 -> 4176
...

Sheet СР (материалы Фахман)
E1: Приложение №1
E2: к договору №__.__-Д/В__ от __.__.2026 г.
A4: РАСЧЕТ СТОИМОСТИ РАБОТ
A6: Наименование работ | B6: Ед. изм. | C6: Кол-во | D6: Цена за ед. без НДС | E6: Сумма без НДС
A7: Демонтажные работы в осях 36-47/П-Э
A8: Демонтаж гидроизоляционного слоя | B8: м2 | C8: ='СР (материалы ТН)'!C8 -> 1128 | D8: ='СР (материалы ТН)'!D8 -> 80 | E8: =C8*D8 -> 90240
A9: Демонтаж теплоизоляционного слоя | B9: м2 | C9: ='СР (материалы ТН)'!C9 -> 1118.4 | D9: ='СР (материалы ТН)'!D9 -> 100 | E9: =C9*D9 -> 111840
A10: Демонтаж профилированного настила | B10: м2 | C10: ='СР (материалы ТН)'!C10 -> 894.96 | D10: ='СР (материалы ТН)'!D10 -> 180 | E10: =C10*D10 -> 161092.8
A11: Итого за работы: | E11: =SUM(E8:E10) -> 363172.8
A12: ИТОГО по Разделу: | E12: =E11 -> 363172.8
A13: Монтаж профилированного настила
A14: Работы:
A15: Монтаж профилированного настила Н-114 | B15: м2 | C15: ='СР (материалы ТН)'!C15 -> 894.96 | D15: ='СР (материалы ТН)'!D15 -> 140,00 ₽ | E15: =D15*C15 -> 125294.4
A16: Итого за работы: | E16: =E15 -> 125294.4
A17: ИТОГО по Разделу: | E17: =E16 -> 125294.4
A18: Устройство L-образного профиля в местах парапета и профилей усиления в ендове и на коньках, устройство профиля усиления деф. швов
A19: Работы:
A20: Устройство L-образного профиля и профилей усиления | B20: м/п | C20: ='СР (материалы ТН)'!C20 -> 36 | D20: ='СР (материалы ТН)'!D20 -> 20,00 ₽ | E20: =D20*C20 -> 720
A21: Устройство профилей усиления (коньковые усиления, усиления ендов) | B21: м/п | C21: ='СР (материалы ТН)'!C21 -> 0 | D21: ='СР (материалы ТН)'!D21 -> 10,00 ₽ | E21: =D21*C21 -> 0
A22: Устройство профилей усиления деф. шва | B22: м/п | C22: ='СР (материалы ТН)'!C22 -> 0 | D22: ='СР (материалы ТН)'!D22 -> 10,00 ₽ | E22: =D22*C22 -> 0
A23: Итого за работы: | E23: =SUM(E20:E22) -> 720
A24: Материалы:
A25: L-образный профиль | B25: мп | C25: ='СР (материалы ТН)'!C25 -> 36 | D25: 1284 | E25: =C25*D25 -> 46224
A26: Профиль усиления (коньковые усиления, усиления ендов) | B26: мп | C26: ='СР (материалы ТН)'!C26 -> 0 | D26: ='СР (материалы ТН)'!D26 -> 1300 | E26: =C26*D26 -> 0
A27: Профиль усиления деф. шва | B27: мп | C27: ='СР (материалы ТН)'!C27 -> 0 | D27: ='СР (материалы ТН)'!D27 -> 1300 | E27: =C27*D27 -> 0
A28: Саморез кровельный 4.8х29 сверлоконечный шайба EPDM | B28: шт | C28: ='СР (материалы ТН)'!C28 -> 360 | D28: 2.35 | E28: =C28*D28 -> 846
A29: Итого за материалы: | E29: =SUM(E25:E28) -> 47070
A30: ИТОГО по Разделу: | E30: =E23+E29 -> 47790
A31: Устройство шины молниезащиты/ заземления
A32: Работы:
A33: Монтаж шины молниезащиты (механическое крепление) | B33: м/п | C33: ='СР (материалы ТН)'!C33 -> 0 | D33: ='СР (материалы ТН)'!D33 -> 200,00 ₽ | E33: =C33*D33 -> 0
A34: Итого за работы: | E34: =E33 -> 0
A35: ИТОГО по Разделу: | E35: =E34 -> 0
A36: Устройство усиления мест воронок внутреннего водоотведения
A37: Работы:
A38: Устройство усиления мест воронок внутреннего водоотведения из оц. стали толщиной 0,5 мм размером 0,6*0,6 м | B38: шт | C38: ='СР (материалы ТН)'!C38 -> 0 | D38: ='СР (материалы ТН)'!D38 -> 100,00 ₽ | E38: =D38*C38 -> 0
A39: Итого за работы: | E39: =E38 -> 0
A40: Материалы:
A41: Оцинкованный лист, толщ. 0,7 мм, 600*600 мм | B41: шт | C41: ='СР (материалы ТН)'!C41 -> 0 | D41: ='СР (материалы ТН)'!D41 -> 1300 | E41: =D41*C41 -> 0
A42: Саморез кровельный 4.8х29 сверлоконечный шайба EPDM | B42: шт | C42: ='СР (материалы ТН)'!C42 -> 0 | D42: =D28 -> 2.35 | E42: =D42*C42 -> 0
A43: Итого за материалы: | E43: =SUM(E41:E42) -> 0
A44: ИТОГО по Разделу: | E44: =E39+E43 -> 0
A45: Устройство заполнения гофр профлиста НГ утеплителем на длину 250 мм
A46: Работы:
A47: Устройство заполнения гофр профлиста НГ утеплителем на длину 250 мм | B47: м/п | C47: ='СР (материалы ТН)'!C47 -> 36 | D47: ='СР (материалы ТН)'!D47 -> 10,00 ₽ | E47: =D47*C47 -> 360
A48: Итого за работы: | E48: =E47 -> 360
A49: Материалы:
A50: Мин. плита Технолайт Экстра 1200х600х100мм | B50: м3 | C50: ='СР (материалы ТН)'!C50 -> 1.188 | D50: ='СР (материалы ТН)'!D50 -> 3700 | E50: =C50*D50 -> 4395.6
A51: Итого за материалы: | E51: =SUM(E50) -> 4395.6
A52: ИТОГО по Разделу: | E52: =E48+E51 -> 4755.6
A53: Устройство пароизоляционного слоя
A54: Работы:
A55: Устройство пароизоляционного слоя из пароизоляционной пленки | B55: м2 | C55: ='СР (материалы ТН)'!C55 -> 894.96 | D55: ='СР (материалы ТН)'!D55 -> 40,00 ₽ | E55: =D55*C55 -> 35798.4
A56: Итого за работы: | E56: =E55 -> 35798.4
A57: Материалы:
A58: Пароизоляционная пленка ТехноНИКОЛЬ | B58: м2 | C58: ='СР (материалы ТН)'!C58 -> 1029.204 | D58: 26.44 | E58: =C58*D58 -> 27212.154
A59: Двусторонний скотч | B59: шт | C59: ='СР (материалы ТН)'!C59 -> 12 | D59: 190.36 | E59: =C59*D59 -> 2284.32
A60: Итого за материалы: | E60: =E58+E59 -> 29496.474
A61: ИТОГО по Разделу: | E61: =E56+E60 -> 65294.874
A62: Устройство контруклона в ендовах из минераловатных теплоизоляционных плит 4,2 %
A63: Работы:
A64: Устройство контруклона из минераловатных теплоизоляционных плит 4,2 % | B64: м2 | C64: ='СР (материалы ТН)'!C64 -> 0 | D64: ='СР (материалы ТН)'!D64 -> 170,00 ₽ | E64: =D64*C64 -> 0
A65: Итого за работы: | E65: =E64 -> 0
A66: ИТОГО по Разделу: | E66: =E65 -> 0
A67: Устройство теплоизоляционного слоя из минераловатного утеплителя в два слоя с перехлестом швов
A68: Работы:
A69: Устройство теплоизоляционного слоя из минераловатного утеплителя в два слоя с перехлестом швов с мех. креплением | B69: м2 | C69: ='СР (материалы ТН)'!C69 -> 1118.4 | D69: ='СР (материалы ТН)'!D69 -> 165,00 ₽ | E69: =D69*C69 -> 184536
A70: Итого за работы: | E70: =E69 -> 184536
A71: Материалы:
A72: Теплоизоляционный материал ТЕХНОРУФ В ЭКСТРА 50 мм | B72: м3 | C72: ='СР (материалы ТН)'!C72 -> 57.5976 | D72: ='СР (материалы ТН)'!D72 -> 16112 | E72: =C72*D72 -> 928012.53 | G72: Если применять частично демонтированный утеплитель. То необходимо
A73: Телескопический крепеж TERMOCLIP 1, 20 мм | B73: шт | C73: ='СР (материалы ТН)'!C73 -> 5592 | D73: 3.46 | E73: =C73*D73 -> 19348.32 | G73: =18*48*1.03*0.05+3 -> 47.496 | H73: м3
A74: Саморез сверлоконечный ТехноНИКОЛЬ 4,8х80 мм | B74: шт | C74: ='СР (материалы ТН)'!C74 -> 5592 | D74: 6.53 | E74: =C74*D74 -> 36515.76
A75: Итого за материалы: | E75: =SUM(E72:E74) -> 983876.61
A76: ИТОГО по Разделу: | E76: =E70+E75 -> 1168412.6
A77: Устройство гидроизоляционного покрытия из ПВХ-мембраны по плоскости с учетом ветровых зон
A78: Работы:
A79: Монтаж гидроизоляционного покрытия из ПВХ мембраны, с продольным нахлестом не менее 120 мм и поперечным - не менее 200 мм | B79: м2 | C79: ='СР (материалы ТН)'!C79 -> 1128 | D79: ='СР (материалы ТН)'!D79 -> 190,00 ₽ | E79: =C79*D79 -> 214320
A80: Итого за работы: | E80: =E79 -> 214320
A81: Материалы:
A82: ПВХ мембрана, толщиной 1,2 мм. | B82: м2 | C82: ='СР (материалы ТН)'!C82 -> 1331.04 | D82: ='СР (материалы ТН)'!D82 -> 931 | E82: =C82*D82 -> 1239198.2
A83: Телескопический крепеж TERMOCLIP 1, 20 мм | B83: шт | C83: ='СР (материалы ТН)'!C83 -> 5640 | D83: =D73 -> 3.46 | E83: =C83*D83 -> 19514.4
A84: Саморез сверлоконечный ТехноНИКОЛЬ 4,8х80 мм | B84: шт | C84: ='СР (материалы ТН)'!C84 -> 5640 | D84: =D74 -> 6.53 | E84: =C84*D84 -> 36829.2
A85: Очиститель для ПВХ мембраны, 3 л. | B85: шт | C85: ='СР (материалы ТН)'!C85 -> 5 | D85: 4508.67 | E85: =C85*D85 -> 22543.35
A86: Итого за материалы: | E86: =SUM(E82:E85) -> 1318085.2
A87: ИТОГО по Разделу: | E87: =E80+E86 -> 1532405.2
A88: Устройство гидроизоляции примыканий к парапету из ПВХ-мембраны
A89: Работы:
A90: Устройство примыкания гидроизоляционного покрытия из ПВХ- мембраны к парапету | B90: м/п | C90: ='СР (материалы ТН)'!C90 -> 36 | D90: ='СР (материалы ТН)'!D90 -> 375,00 ₽ | E90: =D90*C90 -> 13500
A91: Итого за работы: | E91: =E90 -> 13500
A92: Материалы:
A93: Армированная ПВХ мембрана Logicroof V-RP (или аналог) толщиной 1,2 мм | B93: м2 | C93: ='СР (материалы ТН)'!C93 -> 50.976 | D93: ='СР (материалы ТН)'!D93 -> 931 | E93: =C93*D93 -> 47458.656
A94: ПВХ Logicroof V-SR 1,5 мм мембрана серая 2 шт. 1x10 м | B94: м2 | C94: ='СР (материалы ТН)'!C94 -> 7 | D94: ='СР (материалы ТН)'!D94 -> 1350 | E94: =C94*D94 -> 9450
A95: Итого за материалы: | E95: =SUM(E93:E94) -> 56908.656
A96: ИТОГО по Разделу: | E96: =E91+E95 -> 70408.656
A97: Устройство прижимной и краевой алюминиевой планки
A98: Работы:
A99: Монтаж прижимной и краевой кровельной планки | B99: м/п | C99: ='СР (материалы ТН)'!C99 -> 72 | D99: ='СР (материалы ТН)'!D99 -> 40,00 ₽ | E99: =C99*D99 -> 2880
A100: Итого за работы: | E100: =E99 -> 2880
A101: Материалы:
A102: Прижимная кровельная планка алюминиевая 30*2000мм | B102: м/п | C102: ='СР (материалы ТН)'!C102 -> 36 | D102: 75.66 | E102: =C102*D102 -> 2723.76
...

Sheet Ведомость материалов
A1: Наименование работ. | B1: Ед.изм. | C1: Кол-во | D1: Цена за ед. (с НДС-22%) ТН | E1: Сумма ТН (с НДС-22%) | F1: Цена за ед. (с НДС-22%) Фахман | G1: Сумма Фахман (с НДС-22%)
A2: Мин. плита Технолайт Экстра 1200х600х100мм | B2: м3 | C2: ='СР (материалы ТН)'!C50 -> 1.188 | D2: 3700 | E2: =C2*D2 -> 4395.6 | F2: =D2 -> 3700 | G2: =C2*F2 -> 4395.6
A3: L-образный профиль | B3: м/п | C3: ='СР (материалы ТН)'!C25 -> 36 | D3: 1300 | E3: =C3*D3 -> 46800 | F3: 1284 | G3: =C3*F3 -> 46224
A4: Саморез кровельный 4.8х29 сверлоконечный шайба EPDM | B4: шт | C4: ='СР (материалы ТН)'!C28+'СР (материалы ТН)'!C42 -> 360 | D4: 5 | E4: =C4*D4 -> 1800 | F4: 2.35 | G4: =C4*F4 -> 846
A5: Пароизоляционная пленка ТехноНИКОЛЬ | B5: м2 | C5: ='СР (материалы ТН)'!C58 -> 1029.204 | D5: 19.9 | E5: =C5*D5 -> 20481.16 | F5: 26.44 | G5: =C5*F5 -> 27212.154
A6: Двусторонний скотч | B6: шт | C6: ='СР (материалы ТН)'!C59 -> 12 | D6: 308 | E6: =C6*D6 -> 3696 | F6: 190.36 | G6: =C6*F6 -> 2284.32
A7: Теплоизоляционный материал ТЕХНОРУФ В ЭКСТРА 50 мм | B7: м3 | C7: ='СР (материалы ТН)'!C72+'СР (материалы ТН)'!C113 -> 57.8244 | D7: 16112 | E7: =C7*D7 -> 931666.73 | F7: =D7 -> 16112 | G7: =C7*F7 -> 931666.73
A8: Саморез сверлоконечный ТехноНИКОЛЬ 4,8х80 мм | B8: шт | C8: ='СР (материалы ТН)'!C74+'СР (материалы ТН)'!C84 -> 11232 | D8: 13 | E8: =C8*D8 -> 146016 | F8: 6.53 | G8: =C8*F8 -> 73344.96
A9: ПВХ Logicroof V-RP 1,2 мм мембрана серая 2,10x25 м | B9: м2 | C9: ='СР (материалы ТН)'!C82+'СР (материалы ТН)'!C93+'СР (материалы ТН)'!C114 -> 1388.016 | D9: 931 | E9: =C9*D9 -> 1292242.9 | F9: =D9 -> 931 | G9: =C9*F9 -> 1292242.9
A10: ПВХ Logicroof V-SR 1,5 мм мембрана серая 2 шт. 1x10 м | B10: рул. | C10: ='СР (материалы ТН)'!C94+'СР (материалы ТН)'!C115 -> 16.6 | D10: 1350 | E10: =C10*D10 -> 22410 | F10: =D10 -> 1350 | G10: =C10*F10 -> 22410
A11: Прижимная кровельная планка алюминиевая 30*2000мм | B11: м/п | C11: ='СР (материалы ТН)'!C102 -> 36 | D11: 116 | E11: =C11*D11 -> 4176 | F11: 75.66 | G11: =C11*F11 -> 2723.76
A12: Краевая кровельная планка алюминиевая 30*2000мм | B12: м/п | C12: ='СР (материалы ТН)'!C103+'СР (материалы ТН)'!C117 -> 45 | D12: 150 | E12: =C12*D12 -> 6750 | F12: 83.8 | G12: =C12*F12 -> 3771
A13: Крепеж кровельный ТехноНИКОЛЬ (саморез 5,5*35) | B13: шт | C13: ='СР (материалы ТН)'!C104+'СР (материалы ТН)'!C118 -> 480 | D13: 8 | E13: =C13*D13 -> 3840 | F13: 5.07 | G13: =C13*F13 -> 2433.6
A14: Очиститель для ПВХ мембраны, 3 л. | B14: шт | C14: ='СР (материалы ТН)'!C85 -> 5 | D14: 5162 | E14: =C14*D14 -> 25810 | F14: 4508.67 | G14: =C14*F14 -> 22543.35
A15: Герметик ТЕХНОНИКОЛЬ ПУ MASTER, серый, туба 600 мл | B15: шт | C15: ='СР (материалы ТН)'!C105+'СР (материалы ТН)'!C119 -> 11.25 | D15: 440 | E15: =C15*D15 -> 4950 | F15: 449.4 | G15: =C15*F15 -> 5055.75
A16: Саморез остроконечный ТехноНИКОЛЬ 4,8*50 (500 шт/уп) | B16: шт | C16: ='СР (материалы ТН)'!C116 -> 120 | D16: 7.5 | E16: =C16*D16 -> 900 | F16: 3.81 | G16: =C16*F16 -> 457.2
A17: Телескопический крепеж TERMOCLIP 1, 20 мм | B17: шт | C17: ='СР (материалы ТН)'!C83+'СР (материалы ТН)'!C73 -> 11232 | D17: 14 | E17: =C17*D17 -> 157248 | F17: 3.46 | G17: =C17*F17 -> 38862.72
A18: Доставка: | F18: 35000 | G18: 35000
A19: Всего: | E19: =SUM(E2:E18) -> 2673182.4 | G19: =SUM(G2:G18) -> 2511474
E24: 2673182.4
E26: =E19-E24 -> -0.0016000005
