Workbook

Sheet Блок 1
A1: Приложение №____ к Договору подряда № _____ от _________ г.
A3: Согласовано | D3: Утверждаю
A4: «Подрядчик» | D4: «Заказчик»
A5: ООО «СК-ЮГ» | D5: ООО «»
A6: ИНН / КПП 2312330110/ 231201001 | D6: ИНН / КПП
A7: Ген. Директор________________ (Панюков А.А.) | D7: Ген. Директор________________ ()
A10: СМЕТА №___
A11: по Договору подряда № __________ от ___________ г.
A14: Наименование объекта: «Склад хранения сельскохозяйственной продукции на земельном участке с кадастровым номером 23:43:0429001:1003»
A15: Адрес: г. Краснодар
A16: Данные крыши: Площадь кровли по профлисту = 6 477,4 м2; Примыкания к карнизному свесу = 364 пог.м; Примыкания к парапету по сендвич панели = 96 пог.м; Площадь кровли по ж/б = 337,3 м2; Примыкания к парапету по ж/б панели = 76,2 пог.м; Суммарная площадь контруклонов по ж/б основанию = 96 м2; Кол-во фахверков = 18 шт; Количество люков дымоудаления = 8 шт.; Монтаж не горючего материала = 212 м2; Система ОВ = 4 шт.; ВК = 1 шт. = 7,2 пог. м.; Водоотведение внутреннее по ж/б = 3 шт.; Водоотведение наружнее = 24 шт.; Кабельная система противообледенения L = 0 пог.м. Ограждение h=600 мм = 266 пог. м; Кол-во стоек ограждения = 266 шт.; Кол-во пешеходных дорожек = 265,45 пог. м.
A18: Наименование работ | B18: Ед.изм. | C18: Кол-во | D18: Цена за ед. без НДС | E18: Сумма без НДС
A19: УСТРОЙСТВО КРОВЕЛЬНОЙ СИСТЕМЫ ИЗ ПВХ-МЕМБРАНЫ
A20: Монтаж профилированного листа
A21: Работы:
A22: Монтаж профилированного листа Н75-750-0,8 | B22: м2 | C22: 6477.4 | D22: 230 | E22: =C22*D22 -> 1489802
A23: Итого за работы: | E23: =E22 -> 1489802
A24: Материалы:
A25: Профилированный лист Н75-750-0,8 | B25: м2 | C25: =C22*1.25 -> 8096.75 | E25: =C25*D25 -> 0
A26: Саморез для профлиста HARPOON HE5-R 5,5х32 углеродистая сталь SAE 1022 (1,2 шт/м2) | B26: шт | C26: =C22*1.5 -> 9716.1 | E26: =C26*D26 -> 0
A27: Заклепка вытяжная комбинированная 4,8х20 мм | B27: шт | C27: =C22*3 -> 19432.2 | E27: =C27*D27 -> 0
A28: Итого за материалы: | E28: =E25+E26+E27 -> 0
A29: ИТОГО по Разделу: | E29: =E23+E28 -> 1489802
A30: Заполнение гофр профлиста НГ утеплителем на ширину 250 мм и L-образного профиля в местах парапета, а также профилей усиления в ендове и на коньках
A31: Работы:
A32: Устройство заполнения гофр профлиста НГ утеплителем на длину 250 мм (на две продольной волны или 250 мм в каждую волну по поперечным волнам) | B32: м/п | C32: 364 | D32: 120 | E32: =C32*D32 -> 43680
A33: Устройство L-образного профиля и профилей усиления | B33: м/п | C33: =C32 -> 364 | D33: 160 | E33: =C33*D33 -> 58240
A34: Устройство профилей усиления (коньковые усиления, усиления ендов) | B34: м/п | C34: 133 | D34: 160 | E34: =C34*D34 -> 21280
A35: Устройство профилей усиления деф. шва | B35: м/п | C35: 0 | D35: 160 | E35: =C35*D35 -> 0
A36: Итого за работы: | E36: =SUM(E32:E35) -> 123200
A37: Материалы:
A38: Мин. плита Технолайт Экстра 1200х600х100мм | B38: м3 | C38: =C32*0.3*0.1*1.1 -> 12.012 | E38: =C38*D38 -> 0
A39: L-образный профиль | B39: =[1]Материал!B28 -> м3 | C39: =C33 -> 364 | D39: 1300 | E39: =C39*D39 -> 473200
A40: Профиль усиления (коньковые усиления, усиления ендов) | B40: =[1]Материал!B29 -> м3 | C40: =C34 -> 133 | D40: 1300 | E40: =C40*D40 -> 172900
A41: Профиль усиления деф. шва | B41: =[1]Материал!B30 -> м2 | C41: =C35 -> 0 | D41: 1300 | E41: =C41*D41 -> 0
A42: Саморез кровельный 4.8х29 сверлоконечный шайба EPDM | B42: шт | C42: =(C39+C40+C41)*2*5 -> 4970 | D42: 3.8 | E42: =C42*D42 -> 18886
A43: Итого за материалы: | E43: =SUM(E38:E42) -> 664986
A44: ИТОГО по Разделу: | E44: =E36+E43 -> 788186
A45: Устройство пароизоляционного слоя
A46: Работы:
A47: Устройство пароизоляционного слоя из пароизоляционной пленки | B47: м2 | C47: =C22+337.3 -> 6814.7 | D47: 60 | E47: =C47*D47 -> 408882
A48: Итого за работы: | E48: =E47 -> 408882
A49: Материалы:
A50: Пароизоляционная пленка ТехноНИКОЛЬ | B50: м2 | C50: =C47*1.15 -> 7836.905 | E50: =C50*D50 -> 0
A51: Двусторонний скотч | B51: шт | C51: =((C47/3)+C131+C130)/25 -> 97.750667 | E51: =C51*D51 -> 0
A52: Итого за материалы: | E52: =E50+E51 -> 0
A53: ИТОГО по Разделу: | E53: =E48+E52 -> 408882
A54: Устройство комбинированного теплоизоляционного слоя из ПИР + ПИР (в два слоя), общей толщиной 80 мм
A55: Работы:
A56: Устройство комбинированного утеплителя (ПИР 40 мм + ПИР 40 мм) 2 слоя с разбежкой швов, с общей толщиной 80 мм | B56: м2 | C56: =C47 -> 6814.7 | D56: 280 | E56: =C56*D56 -> 1908116
A57: Механическое крепление теплоизоляционного слоя по профлисту | B57: м2 | C57: =C56-C58 -> 6477.4 | D57: 75 | E57: =C57*D57 -> 485805
A58: Механическое крепление теплоизоляционного слоя по ж/б | B58: м2 | C58: 337.3 | D58: 100 | E58: =C58*D58 -> 33730
A59: Итого за работы: | E59: =SUM(E56:E58) -> 2427651
A60: Материалы:
A61: Теплоизоляционный материал ПИР 40 мм | B61: м2 | C61: =C47*1.03*2 -> 14038.282 | E61: =C61*D61 -> 0
A62: Телескопический крепеж TERMOCLIP 1, 60 мм | B62: шт | C62: =C47*5 -> 34073.5 | E62: =C62*D62 -> 0
A63: Саморез сверлоконечный ТехноНИКОЛЬ 4,8х60 мм | B63: шт | C63: =C22*5 -> 32387 | E63: =C63*D63 -> 0
A64: Саморез остроконечный ТехноНИКОЛЬ 4,8х80 мм | B64: шт | C64: =C58*5 -> 1686.5 | E64: =C64*D64 -> 0
A65: Анкерный элемент 8*45 | B65: шт | C65: =C64 -> 1686.5 | E65: =C65*D65 -> 0
A66: Итого за материалы: | E66: =SUM(E61:E65) -> 0
A67: ИТОГО по Разделу: | E67: =E59+E66 -> 2427651
A68: Устройство контруклона по основанию из ж/б плит покрытия клиновидными теплоизоляционными плитами из XPS
A69: Работы:
A70: Устройство контруклона из клиновидных плит XPS 4,2 % | B70: м2 | C70: 96 | D70: 170,00 ₽ | E70: =D70*C70 -> 16320
A71: Механическое крепление клиновидного утеплителя | B71: м2 | C71: =C70 -> 96 | D71: =D57 -> 75 | E71: =C71*D71 -> 7200
A72: Итого за работы: | E72: =E70+E71 -> 23520
A73: Материалы: | F73: Кратно упаковке
A74: XPS CARBON PROF SLOPE (10-60 mm)(4.2 % элемент J) | B74: м³ | C74: 1.7496 | E74: =D74*C74 -> 0
A75: XPS CARBON PROF SLOPE (10-60 mm)(4.2 % элемент K) | B75: м³ | C75: 2.4624 | E75: =D75*C75 -> 0
A76: XPS CARBON PROF SLOPE (10-60 mm)(4.2 % элемент D), 50 мм | B76: м³ | C76: 3.28512 | E76: =D76*C76 -> 0
A77: Телескопический крепеж TERMOCLIP 1, 60 мм | B77: шт | C77: 88 | E77: =D77*C77 -> 0 | G77: 1200
A78: Телескопический крепеж TERMOCLIP 1, 80 мм | B78: шт | C78: 72 | E78: =D78*C78 -> 0 | G78: 930
A79: Телескопический крепеж TERMOCLIP 1, 100 мм | B79: шт | C79: 58 | E79: =D79*C79 -> 0 | G79: 720
A80: Телескопический крепеж TERMOCLIP 1, 140 мм | B80: шт | C80: 46 | E80: =D80*C80 -> 0 | G80: 470
A81: Телескопический крепеж TERMOCLIP 1, 150 мм | B81: шт | C81: 30 | E81: =D81*C81 -> 0 | G81: 450
A82: Телескопический крепеж TERMOCLIP 1, 180 мм | B82: шт | C82: 18 | E82: =D82*C82 -> 0 | G82: 330
A83: Телескопический крепеж TERMOCLIP 1, 200 мм | B83: шт | C83: 6 | E83: =D83*C83 -> 0 | G83: 280
A84: Саморез остроконечный ТехноНИКОЛЬ 4,8х 120 мм | B84: шт | C84: 132 | E84: =D84*C84 -> 0 | G84: 350
A85: Саморез остроконечный ТехноНИКОЛЬ 4,8х 160 мм | B85: шт | C85: 250 | E85: =D85*C85 -> 0 | G85: 250
A86: Анкерный элемент TERMOCLIP 8*45мм | B86: шт | C86: 2500 | E86: =D86*C86 -> 0 | G86: 2500
A87: Итого за материалы: | E87: =SUM(E74:E86) -> 0
A88: ИТОГО по Разделу: | E88: =E72+E87 -> 23520
A89: Устройство гидроизоляционного покрытия из ПВХ-мембраны по плоскости
A90: Работы:
A91: Устройство разделительного слоя из стеклохолста | B91: м2 | C91: 0 | D91: 60 | E91: =C91*D91 -> 0
A92: Монтаж гидроизоляционного покрытия из ПВХ мембраны шириной 2 м, с продольным нахлестом не менее 120 мм и поперечным не менее 200 мм по профлисту | B92: м2 | C92: =C22-C93 -> 5571.4 | D92: 310 | E92: =C92*D92 -> 1727134
A93: Монтаж гидроизоляционного покрытия из ПВХ мембраны шириной 1 м, с продольным нахлестом не менее 120 мм и поперечным не менее 200 мм по профлисту с учетом ветровых зон по профлисту | B93: м2 | C93: 906 | D93: 385 | E93: =C93*D93 -> 348810
A94: Механическое крепление гидроизоляционного слоя по профлисту | B94: м2 | C94: =C92+C93 -> 6477.4 | D94: =D57 -> 75 | E94: =C94*D94 -> 485805
A95: Монтаж гидроизоляционного покрытия из ПВХ мембраны шириной 2 м, с продольным нахлестом не менее 120 мм и поперечным не менее 200 мм по ж/б | B95: м2 | C95: =337.3-C96 -> 285.7 | D95: =D93 -> 385 | E95: =C95*D95 -> 109994.5
A96: Монтаж гидроизоляционного покрытия из ПВХ мембраны шириной 1 м, с продольным нахлестом не менее 120 мм и поперечным не менее 200 мм по профлисту с учетом ветровых зон по ж/б | B96: м2 | C96: 51.6 | D96: 480 | E96: =C96*D96 -> 24768
A97: Механическое крепление гидроизоляционного слоя по ж/б | B97: м2 | C97: =C95+C96 -> 337.3 | D97: =D58 -> 100 | E97: =C97*D97 -> 33730
A98: Итого за работы: | E98: =SUM(E91:E97) -> 2730241.5
A99: Материалы:
A100: ПВХ мембрана, толщиной 1,5 мм. | B100: м2 | C100: =C47*1.18 -> 8041.346 | E100: =C100*D100 -> 0
A101: Телескопический крепеж TERMOCLIP 1, 130 мм | B101: шт | C101: =C94*5 -> 32387 | E101: =C101*D101 -> 0
A102: Саморез сверлоконечный ТехноНИКОЛЬ 4,8х60 мм | B102: шт | C102: =C101 -> 32387 | E102: =C102*D102 -> 0
A103: Очиститель для ПВХ мембраны, 3 л. | B103: шт | C103: 15 | E103: =C103*D103 -> 0
A104: Саморез остроконечный ТехноНИКОЛЬ 4,8х80 мм | B104: шт | C104: =C97*5 -> 1686.5 | E104: =C104*D104 -> 0
A105: Анкерный элемент 8*45 | B105: шт | C105: =C104 -> 1686.5 | E105: =C105*D105 -> 0
A106: Итого за материалы: | E106: =SUM(E100:E105) -> 0
...

Sheet Блок 2
A1: Приложение №____ к Договору подряда № _____ от _________ г.
A3: Согласовано | D3: Утверждаю
A4: «Подрядчик» | D4: «Заказчик»
A5: ООО «СК-ЮГ» | D5: ООО «»
A6: ИНН / КПП 2312330110/ 231201001 | D6: ИНН / КПП
A7: Ген. Директор________________ (Панюков А.А.) | D7: Ген. Директор________________ ()
A10: СМЕТА №___
A11: по Договору подряда № __________ от ___________ г.
A14: Наименование объекта: «Склад хранения сельскохозяйственной продукции на земельном участке с кадастровым номером 23:43:0429001:475»
A15: Адрес: г. Краснодар
A16: Данные крыши: Площадь кровли по профлисту = 10 310,5 м2; Примыкания к карнизному свесу = 426 пог.м; Примыкания к парапету по сендвич панели = 96 пог.м; Площадь кровли по ж/б = 337,3 м2; Примыкания к парапету по ж/б панели = 76,2 пог.м; Суммарная площадь контруклонов по ж/б основанию = 96 м2; Кол-во фахверков = 18 шт; Количество люков дымоудаления = 14 шт.; Монтаж не горючего материала = 371 м2; Система ОВ = 4 шт.; ВК = 1 шт. = 7,2 пог. м.; Водоотведение внутреннее по ж/б = 3 шт.; Водоотведение наружнее = 40 шт.; Кабельная система противообледенения L = 325 пог.м. Ограждение h=600 мм = 425 пог. м; Кол-во стоек ограждения = 425 шт.; Кол-во пешеходных дорожек = 436 пог. м.
A18: Наименование работ | B18: Ед.изм. | C18: Кол-во | D18: Цена за ед. без НДС | E18: Сумма без НДС
A19: УСТРОЙСТВО КРОВЕЛЬНОЙ СИСТЕМЫ ИЗ ПВХ-МЕМБРАНЫ
A20: Монтаж профилированного листа
A21: Работы:
A22: Монтаж профилированного листа Н75-750-0,8 | B22: м2 | C22: 10310.5 | D22: ='Блок 1'!D22 -> 230 | E22: =C22*D22 -> 2371415
A23: Итого за работы: | E23: =E22 -> 2371415
A24: Материалы:
A25: Профилированный лист Н75-750-0,8 | B25: м2 | C25: =C22*1.25 -> 12888.125 | D25: ='Блок 1'!D25 -> 0 | E25: =C25*D25 -> 0
A26: Саморез для профлиста HARPOON HE5-R 5,5х32 углеродистая сталь SAE 1022 (1,2 шт/м2) | B26: шт | C26: =C22*1.5 -> 15465.75 | D26: ='Блок 1'!D26 -> 0 | E26: =C26*D26 -> 0
A27: Заклепка вытяжная комбинированная 4,8х20 мм | B27: шт | C27: =C22*3 -> 30931.5 | D27: ='Блок 1'!D27 -> 0 | E27: =C27*D27 -> 0
A28: Итого за материалы: | E28: =E25+E26+E27 -> 0
A29: ИТОГО по Разделу: | E29: =E23+E28 -> 2371415
A30: Заполнение гофр профлиста НГ утеплителем на ширину 250 мм и L-образного профиля в местах парапета, а также профилей усиления в ендове и на коньках
A31: Работы:
A32: Устройство заполнения гофр профлиста НГ утеплителем на длину 250 мм (на две продольной волны или 250 мм в каждую волну по поперечным волнам) | B32: м/п | C32: 522 | D32: ='Блок 1'!D32 -> 120 | E32: =C32*D32 -> 62640
A33: Устройство L-образного профиля и профилей усиления | B33: м/п | C33: =C32 -> 522 | D33: ='Блок 1'!D33 -> 160 | E33: =C33*D33 -> 83520
A34: Устройство профилей усиления (коньковые усиления, усиления ендов) | B34: м/п | C34: 211.4 | D34: ='Блок 1'!D34 -> 160 | E34: =C34*D34 -> 33824
A35: Устройство профилей усиления деф. шва | B35: м/п | C35: 0 | D35: ='Блок 1'!D35 -> 160 | E35: =C35*D35 -> 0
A36: Итого за работы: | E36: =SUM(E32:E35) -> 179984
A37: Материалы:
A38: Мин. плита Технолайт Экстра 1200х600х100мм | B38: м3 | C38: =C32*0.3*0.1*1.1 -> 17.226 | D38: ='Блок 1'!D38 -> 0 | E38: =C38*D38 -> 0
A39: L-образный профиль | B39: =[1]Материал!B28 -> м3 | C39: =C33 -> 522 | D39: ='Блок 1'!D39 -> 1300 | E39: =C39*D39 -> 678600
A40: Профиль усиления (коньковые усиления, усиления ендов) | B40: =[1]Материал!B29 -> м3 | C40: =C34 -> 211.4 | D40: ='Блок 1'!D40 -> 1300 | E40: =C40*D40 -> 274820
A41: Профиль усиления деф. шва | B41: =[1]Материал!B30 -> м2 | C41: =C35 -> 0 | D41: ='Блок 1'!D41 -> 1300 | E41: =C41*D41 -> 0
A42: Саморез кровельный 4.8х29 сверлоконечный шайба EPDM | B42: шт | C42: =(C39+C40+C41)*2*5 -> 7334 | D42: ='Блок 1'!D42 -> 3.8 | E42: =C42*D42 -> 27869.2
A43: Итого за материалы: | E43: =SUM(E38:E42) -> 981289.2
A44: ИТОГО по Разделу: | E44: =E36+E43 -> 1161273.2
A45: Устройство пароизоляционного слоя
A46: Работы:
A47: Устройство пароизоляционного слоя из пароизоляционной пленки | B47: м2 | C47: =C22+337.3 -> 10647.8 | D47: ='Блок 1'!D47 -> 60 | E47: =C47*D47 -> 638868
A48: Итого за работы: | E48: =E47 -> 638868
A49: Материалы:
A50: Пароизоляционная пленка ТехноНИКОЛЬ | B50: м2 | C50: =C47*1.15 -> 12244.97 | D50: ='Блок 1'!D50 -> 0 | E50: =C50*D50 -> 0
A51: Двусторонний скотч | B51: шт | C51: =((C47/3)+C131+C130)/25 -> 148.85867 | D51: ='Блок 1'!D51 -> 0 | E51: =C51*D51 -> 0
A52: Итого за материалы: | E52: =E50+E51 -> 0
A53: ИТОГО по Разделу: | E53: =E48+E52 -> 638868
A54: Устройство комбинированного теплоизоляционного слоя из ПИР + ПИР (в два слоя), общей толщиной 80 мм
A55: Работы:
A56: Устройство комбинированного утеплителя (ПИР 40 мм + ПИР 40 мм) 2 слоя с разбежкой швов, с общей толщиной 80 мм | B56: м2 | C56: =C47 -> 10647.8 | D56: ='Блок 1'!D56 -> 280 | E56: =C56*D56 -> 2981384
A57: Механическое крепление теплоизоляционного слоя по профлисту | B57: м2 | C57: =C56-C58 -> 10310.5 | D57: ='Блок 1'!D57 -> 75 | E57: =C57*D57 -> 773287.5
A58: Механическое крепление теплоизоляционного слоя по ж/б | B58: м2 | C58: 337.3 | D58: ='Блок 1'!D58 -> 100 | E58: =C58*D58 -> 33730
A59: Итого за работы: | E59: =SUM(E56:E58) -> 3788401.5
A60: Материалы:
A61: Теплоизоляционный материал ПИР 40 мм | B61: м2 | C61: =C47*1.03*2 -> 21934.468 | D61: ='Блок 1'!D61 -> 0 | E61: =C61*D61 -> 0
A62: Телескопический крепеж TERMOCLIP 1, 60 мм | B62: шт | C62: =C47*5 -> 53239 | D62: ='Блок 1'!D62 -> 0 | E62: =C62*D62 -> 0
A63: Саморез сверлоконечный ТехноНИКОЛЬ 4,8х60 мм | B63: шт | C63: =C22*5 -> 51552.5 | D63: ='Блок 1'!D63 -> 0 | E63: =C63*D63 -> 0
A64: Саморез остроконечный ТехноНИКОЛЬ 4,8х80 мм | B64: шт | C64: =C58*5 -> 1686.5 | D64: ='Блок 1'!D64 -> 0 | E64: =C64*D64 -> 0
A65: Анкерный элемент 8*45 | B65: шт | C65: =C64 -> 1686.5 | D65: ='Блок 1'!D65 -> 0 | E65: =C65*D65 -> 0
A66: Итого за материалы: | E66: =SUM(E61:E65) -> 0
A67: ИТОГО по Разделу: | E67: =E59+E66 -> 3788401.5
A68: Устройство контруклона по основанию из ж/б плит покрытия клиновидными теплоизоляционными плитами из XPS
A69: Работы:
A70: Устройство контруклона из клиновидных плит XPS 4,2 % | B70: м2 | C70: 96 | D70: ='Блок 1'!D70 -> 170,00 ₽ | E70: =D70*C70 -> 16320
A71: Механическое крепление клиновидного утеплителя | B71: м2 | C71: =C70 -> 96 | D71: ='Блок 1'!D71 -> 75 | E71: =C71*D71 -> 7200
A72: Итого за работы: | E72: =E70+E71 -> 23520
A73: Материалы: | F73: Кратно упаковке
A74: XPS CARBON PROF SLOPE (10-60 mm)(4.2 % элемент J) | B74: м³ | C74: 1.7496 | D74: ='Блок 1'!D74 -> 0 | E74: =D74*C74 -> 0
A75: XPS CARBON PROF SLOPE (10-60 mm)(4.2 % элемент K) | B75: м³ | C75: 2.4624 | D75: ='Блок 1'!D75 -> 0 | E75: =D75*C75 -> 0
A76: XPS CARBON PROF SLOPE (10-60 mm)(4.2 % элемент D), 50 мм | B76: м³ | C76: 3.28512 | D76: ='Блок 1'!D76 -> 0 | E76: =D76*C76 -> 0
A77: Телескопический крепеж TERMOCLIP 1, 60 мм | B77: шт | C77: 88 | D77: ='Блок 1'!D77 -> 0 | E77: =D77*C77 -> 0 | G77: 1200
A78: Телескопический крепеж TERMOCLIP 1, 80 мм | B78: шт | C78: 72 | D78: ='Блок 1'!D78 -> 0 | E78: =D78*C78 -> 0 | G78: 930
A79: Телескопический крепеж TERMOCLIP 1, 100 мм | B79: шт | C79: 58 | D79: ='Блок 1'!D79 -> 0 | E79: =D79*C79 -> 0 | G79: 720
A80: Телескопический крепеж TERMOCLIP 1, 140 мм | B80: шт | C80: 46 | D80: ='Блок 1'!D80 -> 0 | E80: =D80*C80 -> 0 | G80: 470
A81: Телескопический крепеж TERMOCLIP 1, 150 мм | B81: шт | C81: 30 | D81: ='Блок 1'!D81 -> 0 | E81: =D81*C81 -> 0 | G81: 450
A82: Телескопический крепеж TERMOCLIP 1, 180 мм | B82: шт | C82: 18 | D82: ='Блок 1'!D82 -> 0 | E82: =D82*C82 -> 0 | G82: 330
A83: Телескопический крепеж TERMOCLIP 1, 200 мм | B83: шт | C83: 6 | D83: ='Блок 1'!D83 -> 0 | E83: =D83*C83 -> 0 | G83: 280
A84: Саморез остроконечный ТехноНИКОЛЬ 4,8х 120 мм | B84: шт | C84: 132 | D84: ='Блок 1'!D84 -> 0 | E84: =D84*C84 -> 0 | G84: 350
A85: Саморез остроконечный ТехноНИКОЛЬ 4,8х 160 мм | B85: шт | C85: 250 | D85: ='Блок 1'!D85 -> 0 | E85: =D85*C85 -> 0 | G85: 250
A86: Анкерный элемент TERMOCLIP 8*45мм | B86: шт | C86: 2500 | D86: ='Блок 1'!D86 -> 0 | E86: =D86*C86 -> 0 | G86: 2500
A87: Итого за материалы: | E87: =SUM(E74:E86) -> 0
A88: ИТОГО по Разделу: | E88: =E72+E87 -> 23520
A89: Устройство гидроизоляционного покрытия из ПВХ-мембраны по плоскости
A90: Работы:
A91: Устройство разделительного слоя из стеклохолста | B91: м2 | C91: 0 | D91: ='Блок 1'!D91 -> 60 | E91: =C91*D91 -> 0
A92: Монтаж гидроизоляционного покрытия из ПВХ мембраны шириной 2 м, с продольным нахлестом не менее 120 мм и поперечным не менее 200 мм по профлисту | B92: м2 | C92: =C22-C93 -> 8934.1 | D92: ='Блок 1'!D92 -> 310 | E92: =C92*D92 -> 2769571
A93: Монтаж гидроизоляционного покрытия из ПВХ мембраны шириной 1 м, с продольным нахлестом не менее 120 мм и поперечным не менее 200 мм по профлисту с учетом ветровых зон по профлисту | B93: м2 | C93: 1376.4 | D93: ='Блок 1'!D93 -> 385 | E93: =C93*D93 -> 529914
A94: Механическое крепление гидроизоляционного слоя по профлисту | B94: м2 | C94: =C92+C93 -> 10310.5 | D94: ='Блок 1'!D94 -> 75 | E94: =C94*D94 -> 773287.5
A95: Монтаж гидроизоляционного покрытия из ПВХ мембраны шириной 2 м, с продольным нахлестом не менее 120 мм и поперечным не менее 200 мм по ж/б | B95: м2 | C95: =337.3-C96 -> 285.7 | D95: ='Блок 1'!D95 -> 385 | E95: =C95*D95 -> 109994.5
A96: Монтаж гидроизоляционного покрытия из ПВХ мембраны шириной 1 м, с продольным нахлестом не менее 120 мм и поперечным не менее 200 мм по профлисту с учетом ветровых зон по ж/б | B96: м2 | C96: 51.6 | D96: ='Блок 1'!D96 -> 480 | E96: =C96*D96 -> 24768
A97: Механическое крепление гидроизоляционного слоя по ж/б | B97: м2 | C97: =C95+C96 -> 337.3 | D97: ='Блок 1'!D97 -> 100 | E97: =C97*D97 -> 33730
A98: Итого за работы: | E98: =SUM(E91:E97) -> 4241265
A99: Материалы:
A100: ПВХ мембрана, толщиной 1,5 мм. | B100: м2 | C100: =C47*1.18 -> 12564.404 | D100: ='Блок 1'!D100 -> 0 | E100: =C100*D100 -> 0
A101: Телескопический крепеж TERMOCLIP 1, 130 мм | B101: шт | C101: =C94*5 -> 51552.5 | D101: ='Блок 1'!D101 -> 0 | E101: =C101*D101 -> 0
A102: Саморез сверлоконечный ТехноНИКОЛЬ 4,8х60 мм | B102: шт | C102: =C101 -> 51552.5 | D102: ='Блок 1'!D102 -> 0 | E102: =C102*D102 -> 0
A103: Очиститель для ПВХ мембраны, 3 л. | B103: шт | C103: 15 | D103: ='Блок 1'!D103 -> 0 | E103: =C103*D103 -> 0
A104: Саморез остроконечный ТехноНИКОЛЬ 4,8х80 мм | B104: шт | C104: =C97*5 -> 1686.5 | D104: ='Блок 1'!D104 -> 0 | E104: =C104*D104 -> 0
A105: Анкерный элемент 8*45 | B105: шт | C105: =C104 -> 1686.5 | D105: ='Блок 1'!D105 -> 0 | E105: =C105*D105 -> 0
A106: Итого за материалы: | E106: =SUM(E100:E105) -> 0
...
